{
  "RandomForest": {
    "MSE": 188.19072482637526,
    "RMSE": 13.71826245653491,
    "MAE": 10.67212895165859,
    "R2": 0.8764213676193231,
    "MAPE": 9.931557832635853,
    "Variance_Actual": 1522.8419444444444,
    "Variance_Pred": 1046.6523892015805,
    "Variance_Diff": 476.1895552428639
  },
  "XGBoost": {
    "MSE": 78.25718014207918,
    "RMSE": 8.846308842793087,
    "MAE": 5.892804675632054,
    "R2": 0.9486110949152845,
    "MAPE": 5.716575726528697,
    "Variance_Actual": 1522.8419444444444,
    "Variance_Pred": 1260.4173583984375,
    "Variance_Diff": 262.4245860460069
  },
  "LSTM": {
    "MSE": 42.6282744786375,
    "RMSE": 6.529033196319153,
    "MAE": 4.818668333689372,
    "R2": 0.9720074203142671,
    "MAPE": 5.468806777939919,
    "Variance_Actual": 1522.8419444444444,
    "Variance_Pred": 1426.187255859375,
    "Variance_Diff": 96.65468858506938
  },
  "GRU": {
    "MSE": 36.18689268567875,
    "RMSE": 6.015554229302463,
    "MAE": 4.355957720014785,
    "R2": 0.9762372629558216,
    "MAPE": 4.975137075444971,
    "Variance_Actual": 1522.8419444444444,
    "Variance_Pred": 1484.5247802734375,
    "Variance_Diff": 38.31716417100688
  },
  "BiLSTM": {
    "MSE": 47.480579631825165,
    "RMSE": 6.890615330420438,
    "MAE": 5.464894972907173,
    "R2": 0.9688210718091648,
    "MAPE": 6.032720284129865,
    "Variance_Actual": 1522.8419444444444,
    "Variance_Pred": 1582.7200927734375,
    "Variance_Diff": 59.87814832899312
  },
  "BiGRU": {
    "MSE": 35.5853881431979,
    "RMSE": 5.965348954017519,
    "MAE": 3.9924378183152935,
    "R2": 0.9766322511190221,
    "MAPE": 4.601231432565695,
    "Variance_Actual": 1522.8419444444444,
    "Variance_Pred": 1565.9384765625,
    "Variance_Diff": 43.09653211805562
  },
  "Enhanced_BiLSTM": {
    "MSE": 50.22714280817939,
    "RMSE": 7.087111033995403,
    "MAE": 4.9192381117079,
    "R2": 0.9670174945000592,
    "MAPE": 4.966830760551758,
    "Variance_Actual": 1522.8419444444444,
    "Variance_Pred": 1328.5126953125,
    "Variance_Diff": 194.32924913194438
  },
  "Enhanced_BiGRU": {
    "MSE": 58.27826561387893,
    "RMSE": 7.634020278587091,
    "MAE": 5.759942393832738,
    "R2": 0.9617305881109417,
    "MAPE": 5.906085519140138,
    "Variance_Actual": 1522.8419444444444,
    "Variance_Pred": 1334.5272216796875,
    "Variance_Diff": 188.31472276475688
  }
}