{
  "Transformer": {
    "MSE": 49.00202557652067,
    "RMSE": 7.000144682541974,
    "MAE": 5.089260694715714,
    "R2": 0.967821988516085,
    "MAPE": 5.79159300261876,
    "Variance_Actual": 1522.8419444444444,
    "Variance_Pred": 1740.8345947265625,
    "Variance_Diff": 217.99265028211812
  },
  "Enhanced_Transformer": {
    "MSE": 40.06178012223005,
    "RMSE": 6.329437583405816,
    "MAE": 4.850241523318821,
    "R2": 0.9736927523776309,
    "MAPE": 5.861009932375598,
    "Variance_Actual": 1522.8419444444444,
    "Variance_Pred": 1659.083984375,
    "Variance_Diff": 136.24203993055562
  }
}